-- phpMyAdmin SQL Dump
-- version 4.8.3
-- https://www.phpmyadmin.net/
--
-- Host: 127.0.0.1
-- Erstellungszeit: 22. Nov 2018 um 15:00
-- Server-Version: 10.1.36-MariaDB
-- PHP-Version: 7.2.10

SET SQL_MODE = "NO_AUTO_VALUE_ON_ZERO";
SET AUTOCOMMIT = 0;
START TRANSACTION;
SET time_zone = "+00:00";


/*!40101 SET @OLD_CHARACTER_SET_CLIENT=@@CHARACTER_SET_CLIENT */;
/*!40101 SET @OLD_CHARACTER_SET_RESULTS=@@CHARACTER_SET_RESULTS */;
/*!40101 SET @OLD_COLLATION_CONNECTION=@@COLLATION_CONNECTION */;
/*!40101 SET NAMES utf8mb4 */;

--
-- Datenbank: `raumsystem`
--

-- --------------------------------------------------------

--
-- Tabellenstruktur für Tabelle `etagen`
--

CREATE TABLE `etagen` (
  `etagenID` int(11) NOT NULL,
  `etagen_ID` varchar(45) NOT NULL,
  `etagenName` varchar(45) NOT NULL
) ENGINE=InnoDB DEFAULT CHARSET=latin1;

--
-- Daten für Tabelle `etagen`
--

INSERT INTO `etagen` (`etagenID`, `etagen_ID`, `etagenName`) VALUES
(1, 'etage_1', 'Etage 1'),
(2, 'etage_3', 'Etage 3');

-- --------------------------------------------------------

--
-- Tabellenstruktur für Tabelle `plaetze`
--

CREATE TABLE `plaetze` (
  `platzID` int(11) NOT NULL,
  `platzNummer` int(11) NOT NULL,
  `teilnehmerName` varchar(45) NOT NULL,
  `datumVon` varchar(45) NOT NULL,
  `datumBis` varchar(45) NOT NULL,
  `positionLeft` varchar(45) NOT NULL,
  `positionTop` varchar(45) NOT NULL,
  `kommentar` varchar(1000) NOT NULL,
  `raumID` int(11) NOT NULL
) ENGINE=InnoDB DEFAULT CHARSET=latin1;

--
-- Daten für Tabelle `plaetze`
--

INSERT INTO `plaetze` (`platzID`, `platzNummer`, `teilnehmerName`, `datumVon`, `datumBis`, `positionLeft`, `positionTop`, `kommentar`, `raumID`) VALUES
(1, 1, 'Peter', '01.01.2018', '01.01.2020', '1', '1', 'test', 1),
(2, 2, 'Peter', '01.01.2015', '01.01.2016', '58', '1', 'test', 1),
(3, 3, 'Peter', '01.01.2014', '01.01.2016', '115', '1', 'test', 1),
(4, 4, 'Peter', '01.01.2019', '01.01.2020', '172', '1', 'test', 1),
(5, 5, 'Peter', '01.01.2017', '01.01.2020', '229', '1', 'test', 1),
(6, 6, 'Peter', '01.01.2016', '01.01.2020', '286', '1', 'test', 1),
(7, 7, 'Peter', '01.01.2019', '01.01.2020', '343', '1', 'test', 1),
(8, 8, 'Peter', '01.01.2016', '01.01.2020', '400', '1', 'test', 1),
(9, 9, 'Peter', '01.01.2017', '01.01.2020', '457', '1', 'test', 1),
(10, 10, 'Peter', '01.01.2018', '01.01.2020', '514', '1', 'test', 1),
(11, 1, 'Peter', '01.01.2018', '01.01.2020', '1', '1', 'test', 2),
(12, 2, 'Peter', '01.01.2015', '01.01.2016', '58', '1', 'test', 2),
(13, 3, 'Peter', '01.01.2014', '01.01.2016', '115', '1', 'test', 2),
(14, 4, 'Peter', '01.01.2019', '01.01.2020', '172', '1', 'test', 2),
(15, 5, 'Peter', '01.01.2017', '01.01.2020', '229', '1', 'test', 2),
(16, 6, 'Peter', '01.01.2016', '01.01.2020', '286', '1', 'test', 2),
(17, 7, 'Peter', '01.01.2019', '01.01.2020', '343', '1', 'test', 2),
(18, 8, 'Peter', '01.01.2016', '01.01.2020', '400', '1', 'test', 2),
(19, 9, 'Peter', '01.01.2017', '01.01.2020', '457', '1', 'test', 2),
(20, 10, 'Peter', '01.01.2018', '01.01.2020', '514', '1', 'test', 2),
(21, 1, 'Peter', '01.01.2018', '01.01.2020', '1', '1', 'test', 3),
(22, 2, 'Peter', '01.01.2015', '01.01.2016', '58', '1', 'test', 3),
(23, 3, 'Peter', '01.01.2014', '01.01.2016', '115', '1', 'test', 3),
(24, 4, 'Peter', '01.01.2019', '01.01.2020', '172', '1', 'test', 3),
(25, 5, 'Peter', '01.01.2017', '01.01.2020', '229', '1', 'test', 3),
(26, 6, 'Peter', '01.01.2016', '01.01.2020', '286', '1', 'test', 3),
(27, 7, 'Peter', '01.01.2019', '01.01.2020', '343', '1', 'test', 3),
(28, 8, 'Peter', '01.01.2016', '01.01.2020', '400', '1', 'test', 3),
(29, 9, 'Peter', '01.01.2017', '01.01.2020', '457', '1', 'test', 3),
(30, 10, 'Peter', '01.01.2018', '01.01.2020', '514', '1', 'test', 3),
(31, 1, 'Peter', '01.01.2018', '01.01.2020', '1', '1', 'test', 4),
(32, 2, 'Peter', '01.01.2015', '01.01.2016', '58', '1', 'test', 4),
(33, 3, 'Peter', '01.01.2014', '01.01.2016', '115', '1', 'test', 4),
(34, 4, 'Peter', '01.01.2019', '01.01.2020', '172', '1', 'test', 4),
(35, 5, 'Peter', '01.01.2017', '01.01.2020', '229', '1', 'test', 4),
(36, 6, 'Peter', '01.01.2016', '01.01.2020', '286', '1', 'test', 4),
(37, 7, 'Peter', '01.01.2019', '01.01.2020', '343', '1', 'test', 4),
(38, 8, 'Peter', '01.01.2016', '01.01.2020', '400', '1', 'test', 4),
(39, 9, 'Peter', '01.01.2017', '01.01.2020', '457', '1', 'test', 4),
(40, 10, 'Peter', '01.01.2018', '01.01.2017', '542', '271', 'test123', 4),
(41, 1, 'Peter', '01.01.2018', '01.01.2020', '1', '1', 'test', 5),
(42, 2, 'Peter', '01.01.2015', '01.01.2016', '58', '1', 'test', 5),
(43, 3, 'Peter', '01.01.2014', '01.01.2016', '115', '1', 'test', 5),
(44, 4, 'Peter', '01.01.2019', '01.01.2020', '172', '1', 'test', 5),
(45, 5, 'Peter', '01.01.2017', '01.01.2020', '229', '1', 'test', 5),
(46, 6, 'Peter', '01.01.2016', '01.01.2020', '286', '1', 'test', 5),
(47, 7, 'Peter', '01.01.2019', '01.01.2020', '343', '1', 'test', 5),
(48, 8, 'Peter', '01.01.2016', '01.01.2020', '400', '1', 'test', 5),
(49, 9, 'Peter', '01.01.2017', '01.01.2020', '457', '1', 'test', 5),
(50, 10, 'Peter', '01.01.2018', '01.01.2020', '514', '1', 'test', 5),
(51, 1, 'Peter', '01.01.2018', '01.01.2020', '1', '1', 'test', 6),
(52, 2, 'Peter', '01.01.2015', '01.01.2016', '58', '1', 'test', 6),
(53, 3, 'Peter', '01.01.2014', '01.01.2016', '115', '1', 'test', 6),
(54, 4, 'Peter', '01.01.2019', '01.01.2020', '172', '1', 'test', 6),
(55, 5, 'Peter', '01.01.2017', '01.01.2020', '229', '1', 'test', 6),
(56, 6, 'Peter', '01.01.2016', '01.01.2020', '286', '1', 'test', 6),
(57, 7, 'Peter', '01.01.2019', '01.01.2020', '343', '1', 'test', 6),
(58, 8, 'Peter', '01.01.2016', '01.01.2020', '400', '1', 'test', 6),
(59, 9, 'Peter', '01.01.2017', '01.01.2020', '457', '1', 'test', 6),
(60, 10, 'Peter', '01.01.2018', '01.01.2020', '514', '1', 'test', 6),
(61, 1, 'Peter', '01.01.2018', '01.01.2020', '1', '1', 'test', 7),
(62, 2, 'Peter', '01.01.2015', '01.01.2016', '58', '1', 'test', 7),
(63, 3, 'Peter', '01.01.2014', '01.01.2016', '115', '1', 'test', 7),
(64, 4, 'Peter', '01.01.2019', '01.01.2020', '172', '1', 'test', 7),
(65, 5, 'Peter', '01.01.2017', '01.01.2020', '229', '1', 'test', 7),
(66, 6, 'Peter', '01.01.2016', '01.01.2020', '286', '1', 'test', 7),
(67, 7, 'Peter', '01.01.2019', '01.01.2020', '343', '1', 'test', 7),
(68, 8, 'Peter', '01.01.2016', '01.01.2020', '400', '1', 'test', 7),
(69, 9, 'Peter', '01.01.2017', '01.01.2020', '457', '1', 'test', 7),
(70, 10, 'Peter', '01.01.2018', '01.01.2020', '514', '1', 'test', 7),
(71, 1, 'Peter', '01.01.2018', '01.01.2020', '1', '1', 'test', 8),
(72, 2, 'Peter', '01.01.2015', '01.01.2016', '58', '1', 'test', 8),
(73, 3, 'Peter', '01.01.2014', '01.01.2016', '115', '1', 'test', 8),
(74, 4, 'Peter', '01.01.2019', '01.01.2020', '172', '1', 'test', 8),
(75, 5, 'Peter', '01.01.2017', '01.01.2020', '229', '1', 'test', 8),
(76, 6, 'Peter', '01.01.2016', '01.01.2020', '286', '1', 'test', 8),
(77, 7, 'Peter', '01.01.2019', '01.01.2020', '343', '1', 'test', 8),
(78, 8, 'Peter', '01.01.2016', '01.01.2020', '400', '1', 'test', 8),
(79, 9, 'Peter', '01.01.2017', '01.01.2020', '457', '1', 'test', 8),
(80, 10, 'Peter', '01.01.2018', '01.01.2020', '514', '1', 'test', 8),
(81, 1, 'Peter', '01.01.2018', '01.01.2020', '1', '1', 'test', 9),
(82, 2, 'Peter', '01.01.2015', '01.01.2016', '58', '1', 'test', 9),
(83, 3, 'Peter', '01.01.2014', '01.01.2016', '115', '1', 'test', 9),
(84, 4, 'Peter', '01.01.2019', '01.01.2020', '172', '1', 'test', 9),
(85, 5, 'Peter', '01.01.2017', '01.01.2020', '229', '1', 'test', 9),
(86, 6, 'Peter', '01.01.2016', '01.01.2020', '286', '1', 'test', 9),
(87, 7, 'Peter', '01.01.2019', '01.01.2020', '343', '1', 'test', 9),
(88, 8, 'Peter', '01.01.2016', '01.01.2020', '400', '1', 'test', 9),
(89, 9, 'Peter', '01.01.2017', '01.01.2020', '457', '1', 'test', 9),
(90, 10, 'Peter', '01.01.2018', '01.01.2020', '514', '1', 'test', 9),
(91, 1, 'Peter', '01.01.2018', '01.01.2020', '1', '1', 'test', 10),
(92, 2, 'Peter', '01.01.2015', '01.01.2016', '58', '1', 'test', 10),
(93, 3, 'Peter', '01.01.2014', '01.01.2016', '115', '1', 'test', 10),
(94, 4, 'Peter', '01.01.2019', '01.01.2020', '172', '1', 'test', 10),
(95, 5, 'Peter', '01.01.2017', '01.01.2020', '229', '1', 'test', 10),
(96, 6, 'Peter', '01.01.2016', '01.01.2020', '286', '1', 'test', 10),
(97, 7, 'Peter', '01.01.2019', '01.01.2020', '343', '1', 'test', 10),
(98, 8, 'Peter', '01.01.2016', '01.01.2020', '400', '1', 'test', 10),
(99, 9, 'Peter', '01.01.2017', '01.01.2020', '457', '1', 'test', 10),
(100, 10, 'Peter', '01.01.2018', '01.01.2020', '514', '1', 'test', 10),
(101, 1, 'Peter', '01.01.2018', '01.01.2020', '1', '1', 'test', 11),
(102, 2, 'Peter', '01.01.2015', '01.01.2016', '58', '1', 'test', 11),
(103, 3, 'Peter', '01.01.2014', '01.01.2016', '115', '1', 'test', 11),
(104, 4, 'Peter', '01.01.2019', '01.01.2020', '172', '1', 'test', 11),
(105, 5, 'Peter', '01.01.2017', '01.01.2020', '229', '1', 'test', 11),
(106, 6, 'Peter', '01.01.2016', '01.01.2020', '286', '1', 'test', 11),
(107, 7, 'Peter', '01.01.2019', '01.01.2020', '343', '1', 'test', 11),
(108, 8, 'Peter', '01.01.2016', '01.01.2020', '400', '1', 'test', 11),
(109, 9, 'Peter', '01.01.2017', '01.01.2020', '457', '1', 'test', 11),
(110, 10, 'Peter', '01.01.2018', '01.01.2020', '514', '1', 'test', 11),
(111, 1, 'Peter', '01.01.2018', '01.01.2020', '1', '1', 'test', 12),
(112, 2, 'Peter', '01.01.2015', '01.01.2016', '58', '1', 'test', 12),
(113, 3, 'Peter', '01.01.2014', '01.01.2016', '115', '1', 'test', 12),
(114, 4, 'Peter', '01.01.2019', '01.01.2020', '172', '1', 'test', 12),
(115, 5, 'Peter', '01.01.2017', '01.01.2020', '229', '1', 'test', 12),
(116, 6, 'Peter', '01.01.2016', '01.01.2020', '286', '1', 'test', 12),
(117, 7, 'Peter', '01.01.2019', '01.01.2020', '343', '1', 'test', 12),
(118, 8, 'Peter', '01.01.2016', '01.01.2020', '400', '1', 'test', 12),
(119, 9, 'Peter', '01.01.2017', '01.01.2020', '457', '1', 'test', 12),
(120, 10, 'Peter', '01.01.2018', '01.01.2020', '514', '1', 'test', 12),
(121, 1, 'Peter', '01.01.2018', '01.01.2020', '1', '1', 'test', 13),
(122, 2, 'Peter', '01.01.2015', '01.01.2016', '58', '1', 'test', 13),
(123, 3, 'Peter', '01.01.2014', '01.01.2016', '115', '1', 'test', 13),
(124, 4, 'Peter', '01.01.2019', '01.01.2020', '172', '1', 'test', 13),
(125, 5, 'Peter', '01.01.2017', '01.01.2020', '229', '1', 'test', 13),
(126, 6, 'Peter', '01.01.2016', '01.01.2020', '286', '1', 'test', 13),
(127, 7, 'Peter', '01.01.2019', '01.01.2020', '343', '1', 'test', 13),
(128, 8, 'Peter', '01.01.2016', '01.01.2020', '400', '1', 'test', 13),
(129, 9, 'Peter', '01.01.2017', '01.01.2020', '457', '1', 'test', 13),
(130, 10, 'Peter', '01.01.2018', '01.01.2020', '514', '1', 'test', 13),
(131, 1, 'Peter', '01.01.2018', '01.01.2020', '1', '1', 'test', 14),
(132, 2, 'Peter', '01.01.2015', '01.01.2016', '58', '1', 'test', 14),
(133, 3, 'Peter', '01.01.2014', '01.01.2016', '115', '1', 'test', 14),
(134, 4, 'Peter', '01.01.2019', '01.01.2020', '172', '1', 'test', 14),
(135, 5, 'Peter', '01.01.2017', '01.01.2020', '229', '1', 'test', 14),
(136, 6, 'Peter', '01.01.2016', '01.01.2020', '286', '1', 'test', 14),
(137, 7, 'Peter', '01.01.2019', '01.01.2020', '343', '1', 'test', 14),
(138, 8, 'Peter', '01.01.2016', '01.01.2020', '400', '1', 'test', 14),
(139, 9, 'Peter', '01.01.2017', '01.01.2020', '457', '1', 'test', 14),
(140, 10, 'Peter', '01.01.2018', '01.01.2020', '514', '1', 'test', 14),
(141, 1, 'Peter', '01.01.2018', '01.01.2020', '1', '1', 'test', 15),
(142, 2, 'Peter', '01.01.2015', '01.01.2016', '58', '1', 'test', 15),
(143, 3, 'Peter', '01.01.2014', '01.01.2016', '115', '1', 'test', 15),
(144, 4, 'Peter', '01.01.2019', '01.01.2020', '172', '1', 'test', 15),
(145, 5, 'Peter', '01.01.2017', '01.01.2020', '229', '1', 'test', 15),
(146, 6, 'Peter', '01.01.2016', '01.01.2020', '286', '1', 'test', 15),
(147, 7, 'Peter', '01.01.2019', '01.01.2020', '343', '1', 'test', 15),
(148, 8, 'Peter', '01.01.2016', '01.01.2020', '400', '1', 'test', 15),
(149, 9, 'Peter', '01.01.2017', '01.01.2020', '457', '1', 'test', 15),
(150, 10, 'Peter', '01.01.2018', '01.01.2020', '514', '1', 'test', 15),
(151, 1, 'Peter', '01.01.2018', '01.01.2020', '1', '1', 'test', 16),
(152, 2, 'Peter', '01.01.2015', '01.01.2016', '58', '1', 'test', 16),
(153, 3, 'Peter', '01.01.2014', '01.01.2016', '115', '1', 'test', 16),
(154, 4, 'Peter', '01.01.2019', '01.01.2020', '172', '1', 'test', 16),
(155, 5, 'Peter', '01.01.2017', '01.01.2020', '229', '1', 'test', 16),
(156, 6, 'Peter', '01.01.2016', '01.01.2020', '286', '1', 'test', 16),
(157, 7, 'Peter', '01.01.2019', '01.01.2020', '343', '1', 'test', 16),
(158, 8, 'Peter', '01.01.2016', '01.01.2020', '400', '1', 'test', 16),
(159, 9, 'Peter', '01.01.2017', '01.01.2020', '457', '1', 'test', 16),
(160, 10, 'Peter', '01.01.2018', '01.01.2020', '514', '1', 'test', 16),
(161, 1, 'Peter', '01.01.2018', '01.01.2020', '1', '1', 'test', 17),
(162, 2, 'Peter', '01.01.2015', '01.01.2016', '58', '1', 'test', 17),
(163, 3, 'Peter', '01.01.2014', '01.01.2016', '115', '1', 'test', 17),
(164, 4, 'Peter', '01.01.2019', '01.01.2020', '172', '1', 'test', 17),
(165, 5, 'Peter', '01.01.2017', '01.01.2020', '229', '1', 'test', 17),
(166, 6, 'Peter', '01.01.2016', '01.01.2020', '286', '1', 'test', 17),
(167, 7, 'Peter', '01.01.2019', '01.01.2020', '343', '1', 'test', 17),
(168, 8, 'Peter', '01.01.2016', '01.01.2020', '400', '1', 'test', 17),
(169, 9, 'Peter', '01.01.2017', '01.01.2020', '457', '1', 'test', 17),
(170, 10, 'Peter', '01.01.2018', '01.01.2020', '514', '1', 'test', 17),
(171, 1, 'Peter', '01.01.2018', '01.01.2020', '1', '1', 'test', 18),
(172, 2, 'Peter', '01.01.2015', '01.01.2016', '58', '1', 'test', 18),
(173, 3, 'Peter', '01.01.2014', '01.01.2016', '115', '1', 'test', 18),
(174, 4, 'Peter', '01.01.2019', '01.01.2020', '172', '1', 'test', 18),
(175, 5, 'Peter', '01.01.2017', '01.01.2020', '229', '1', 'test', 18),
(176, 6, 'Peter', '01.01.2016', '01.01.2020', '286', '1', 'test', 18),
(177, 7, 'Peter', '01.01.2019', '01.01.2020', '343', '1', 'test', 18),
(178, 8, 'Peter', '01.01.2016', '01.01.2020', '400', '1', 'test', 18),
(179, 9, 'Peter', '01.01.2017', '01.01.2020', '457', '1', 'test', 18),
(180, 10, 'Peter', '01.01.2018', '01.01.2020', '514', '1', 'test', 18),
(181, 1, 'Peter', '01.01.2018', '01.01.2020', '1', '1', 'test', 19),
(182, 2, 'Peter', '01.01.2015', '01.01.2016', '58', '1', 'test', 19),
(183, 3, 'Peter', '01.01.2014', '01.01.2016', '115', '1', 'test', 19),
(184, 4, 'Peter', '01.01.2019', '01.01.2020', '172', '1', 'test', 19),
(185, 5, 'Peter', '01.01.2017', '01.01.2020', '229', '1', 'test', 19),
(186, 6, 'Peter', '01.01.2016', '01.01.2020', '286', '1', 'test', 19),
(187, 7, 'Peter', '01.01.2019', '01.01.2020', '343', '1', 'test', 19),
(188, 8, 'Peter', '01.01.2016', '01.01.2020', '400', '1', 'test', 19),
(189, 9, 'Peter', '01.01.2017', '01.01.2020', '457', '1', 'test', 19),
(190, 10, 'Peter', '01.01.2018', '01.01.2020', '514', '1', 'test', 19),
(191, 1, 'Peter', '01.01.2018', '01.01.2020', '1', '1', 'test', 20),
(192, 2, 'Peter', '01.01.2015', '01.01.2016', '58', '1', 'test', 20),
(193, 3, 'Peter', '01.01.2014', '01.01.2016', '115', '1', 'test', 20),
(194, 4, 'Peter', '01.01.2019', '01.01.2020', '172', '1', 'test', 20),
(195, 5, 'Peter', '01.01.2017', '01.01.2020', '229', '1', 'test', 20),
(196, 6, 'Peter', '01.01.2016', '01.01.2020', '286', '1', 'test', 20),
(197, 7, 'Peter', '01.01.2019', '01.01.2020', '343', '1', 'test', 20),
(198, 8, 'Peter', '01.01.2016', '01.01.2020', '400', '1', 'test', 20),
(199, 9, 'Peter', '01.01.2017', '01.01.2020', '457', '1', 'test', 20),
(200, 10, 'Peter', '01.01.2018', '01.01.2020', '514', '1', 'test', 20);

-- --------------------------------------------------------

--
-- Tabellenstruktur für Tabelle `raeume`
--

CREATE TABLE `raeume` (
  `raumID` int(11) NOT NULL,
  `raumName` varchar(45) NOT NULL,
  `view` tinyint(1) NOT NULL,
  `tuerPositionLeft` varchar(45) NOT NULL,
  `tuerPositionTop` varchar(45) NOT NULL,
  `etagenID` int(11) NOT NULL
) ENGINE=InnoDB DEFAULT CHARSET=latin1;

--
-- Daten für Tabelle `raeume`
--

INSERT INTO `raeume` (`raumID`, `raumName`, `view`, `tuerPositionLeft`, `tuerPositionTop`, `etagenID`) VALUES
(1, 'Raum1.1', 0, '750', '64', 1),
(2, 'Raum1.2', 0, '750', '64', 1),
(3, 'Raum1.3', 0, '750', '64', 1),
(4, 'Raum1.4', 1, '750', '64', 1),
(5, 'Raum1.5', 1, '750', '64', 1),
(6, 'Raum1.6', 1, '750', '64', 1),
(7, 'Raum1.7', 1, '750', '64', 1),
(8, 'Raum1.8', 1, '750', '64', 1),
(9, 'Raum3.1', 0, '750', '64', 2),
(10, 'Raum3.2', 0, '750', '64', 2),
(11, 'Raum3.3', 0, '750', '64', 2),
(12, 'Raum3.4', 1, '750', '64', 2),
(13, 'Raum3.5', 1, '750', '64', 2),
(14, 'Raum3.6', 1, '750', '64', 2),
(15, 'Raum3.7', 1, '750', '64', 2),
(16, 'Raum3.8', 1, '750', '64', 2),
(17, 'Raum3.9', 1, '750', '64', 2),
(18, 'Raum3.10', 0, '750', '64', 2),
(19, 'Raum3.11', 1, '750', '64', 2),
(20, 'Raum3.12', 1, '750', '64', 2);

--
-- Indizes der exportierten Tabellen
--

--
-- Indizes für die Tabelle `etagen`
--
ALTER TABLE `etagen`
  ADD PRIMARY KEY (`etagenID`);

--
-- Indizes für die Tabelle `plaetze`
--
ALTER TABLE `plaetze`
  ADD PRIMARY KEY (`platzID`);

--
-- Indizes für die Tabelle `raeume`
--
ALTER TABLE `raeume`
  ADD PRIMARY KEY (`raumID`);

--
-- AUTO_INCREMENT für exportierte Tabellen
--

--
-- AUTO_INCREMENT für Tabelle `etagen`
--
ALTER TABLE `etagen`
  MODIFY `etagenID` int(11) NOT NULL AUTO_INCREMENT, AUTO_INCREMENT=3;

--
-- AUTO_INCREMENT für Tabelle `plaetze`
--
ALTER TABLE `plaetze`
  MODIFY `platzID` int(11) NOT NULL AUTO_INCREMENT, AUTO_INCREMENT=212;

--
-- AUTO_INCREMENT für Tabelle `raeume`
--
ALTER TABLE `raeume`
  MODIFY `raumID` int(11) NOT NULL AUTO_INCREMENT, AUTO_INCREMENT=21;
COMMIT;

/*!40101 SET CHARACTER_SET_CLIENT=@OLD_CHARACTER_SET_CLIENT */;
/*!40101 SET CHARACTER_SET_RESULTS=@OLD_CHARACTER_SET_RESULTS */;
/*!40101 SET COLLATION_CONNECTION=@OLD_COLLATION_CONNECTION */;
